Person.num,Band.num,Date.of.birth,Date.of.number.one,Date.of.death.censored,status
780,212,1912-05-18,1974-01-26,2001-05-12,1
313,101,1915-12-12,1956-07-28,1998-05-14,1
812,224,1916-11-06,1969-06-21,2002-10-12,1
340,111,1917-02-27,1961-07-29,2002-08-15,1
705,193,1919-03-17,1957-06-08,1965-02-15,1
90,27,1920-05-10,1976-11-20,2011-08-01,0
811,29,1921-02-25,1956-10-21,2000-06-01,1
19,29,1921-07-15,1956-10-21,1985-03-03,1
315,29,1921-09-29,1956-10-21,2011-08-01,0
941,255,1924-01-20,1976-02-07,2011-08-01,0
884,29,1924-04-16,1956-10-21,1976-02-05,1
102,29,1925-02-09,1956-10-21,1996-03-22,1
95,29,1925-07-06,1956-10-21,1981-02-09,1
1036,333,1927-02-03,1967-02-04,2011-08-01,0
64,14,1927-12-03,1968-06-15,2011-08-01,0
4,152,1929-01-28,1962-09-22,2011-08-01,0
482,29,1930-01-14,1956-10-21,2006-06-03,1
163,152,1930-04-17,1962-09-22,2011-08-01,0
534,152,1930-05-22,1962-09-22,2011-08-01,0
564,216,1931-11-22,1973-08-18,1992-10-10,1
1046,139,1933-02-18,1981-02-07,2011-08-01,0
431,301,1934-07-10,1977-06-25,2011-08-01,0
285,81,1935-01-08,1956-11-10,1977-08-16,1
484,141,1935-09-30,1977-07-16,2011-08-01,0
585,169,1935-10-12,1990-06-23,2007-09-06,1
348,114,1936-04-22,1976-11-27,2011-08-01,0
883,235,1936-04-23,1976-01-31,1988-12-06,1
289,85,1936-05-02,1975-02-08,2011-08-01,0
439,301,1936-09-24,1977-06-25,1990-05-16,1
99,305,1936-10-24,1964-05-02,2011-08-01,0
1014,323,1936-12-17,1957-07-20,2011-08-01,0
246,138,1937-07-02,1969-08-09,2011-08-01,0
377,209,1937-07-12,1974-07-27,2011-08-01,0
372,253,1938-05-19,1980-05-03,2011-08-01,0
191,53,1938-12-12,1977-08-27,2011-08-01,0
775,314,1939-02-02,1969-02-15,1973-08-17,1
434,307,1939-07-06,1961-09-23,2011-03-18,1
346,32,1939-08-18,1969-09-20,2011-08-01,0
999,321,1939-11-26,1989-09-30,2011-08-01,0
319,104,1939-12-04,1960-03-12,2011-08-01,0
282,314,1939-12-17,1969-02-15,1992-10-05,1
75,306,1940-01-05,1969-01-25,2011-08-01,0
1007,322,1940-06-07,1968-08-10,2011-08-01,0
842,278,1940-07-07,1963-05-11,2011-08-01,0
552,41,1940-08-04,1978-01-21,2009-08-20,1
472,278,1940-10-09,1963-05-11,1980-12-08,1
185,51,1940-10-14,1962-01-13,2011-08-01,0
234,41,1940-12-11,1978-01-21,2011-08-01,0
240,314,1941-01-18,1969-02-15,1991-06-01,1
802,315,1941-01-21,1990-09-08,2011-08-01,0
716,196,1941-01-24,1992-07-25,2011-08-01,0
689,277,1941-03-15,1976-07-24,2011-08-01,0
528,306,1941-03-21,1969-01-25,2011-08-01,0
354,300,1941-03-30,1969-05-10,2011-08-01,0
479,253,1941-04-24,1980-05-03,2011-08-01,0
105,36,1941-05-24,1965-04-17,2011-08-01,0
158,305,1941-06-02,1964-05-02,2011-08-01,0
492,65,1941-06-09,1971-09-25,2011-08-01,0
309,38,1941-07-18,1978-09-09,2011-08-01,0
573,208,1941-09-24,1971-06-05,1998-04-17,1
771,249,1941-10-13,1968-08-17,2011-08-01,0
363,307,1941-10-28,1961-09-23,2011-08-01,0
753,314,1941-10-30,1969-02-15,2011-08-01,0
129,307,1941-11-02,1961-09-23,2011-08-01,0
73,249,1941-11-05,1968-08-17,2011-08-01,0
1006,57,1941-11-09,1970-09-12,1990-09-06,1
106,294,1941-12-08,1968-10-12,2011-08-01,0
658,300,1941-12-27,1969-05-10,2011-08-01,0
817,300,1941-12-29,1969-05-10,2011-08-01,0
182,115,1942-01-11,1989-03-25,2011-06-18,1
357,294,1942-02-02,1968-10-12,2011-08-01,0
793,299,1942-02-13,1967-02-04,2011-08-01,0
117,305,1942-02-28,1964-05-02,1969-07-03,1
37,294,1942-04-05,1968-10-12,2011-08-01,0
79,20,1942-04-24,1977-07-02,2011-08-01,0
440,328,1942-04-27,2007-06-17,2011-08-01,0
766,278,1942-06-18,1963-05-11,2011-08-01,0
122,277,1942-06-20,1976-07-24,2011-08-01,0
130,306,1942-07-25,1969-01-25,2011-08-01,0
18,277,1942-09-03,1976-07-24,2011-08-01,0
89,294,1942-09-16,1968-10-12,2011-08-01,0
645,314,1942-10-12,1969-02-15,1995-02-23,1
657,299,1942-12-30,1967-02-04,2011-08-01,0
62,303,1942-12-31,1979-10-13,2011-08-01,0
902,241,1943-01-09,1968-05-18,2011-08-01,0
338,278,1943-02-25,1963-05-11,2001-11-29,1
1024,307,1943-03-02,1961-09-23,2005-11-28,1
337,110,1943-03-22,1985-10-26,2011-08-01,0
1018,324,1943-04-25,2005-03-27,2011-08-01,0
393,56,1943-05-14,1969-03-15,2011-08-01,0
81,21,1943-06-17,1982-05-01,2011-08-01,0
304,69,1943-06-30,1968-02-17,1976-02-22,1
506,306,1943-07-03,1969-01-25,2011-08-01,0
179,98,1943-07-12,1978-01-28,2011-08-01,0
663,305,1943-07-26,1964-05-02,2011-08-01,0
829,217,1943-07-28,1970-10-24,2008-09-15,1
336,339,1943-08-01,1975-06-28,2011-08-01,0
447,41,1943-08-10,1978-01-21,2005-01-11,1
867,217,1943-09-06,1970-10-24,2011-08-01,0
529,305,1943-12-18,1964-05-02,2011-08-01,0
449,157,1944-01-09,1970-02-07,2011-08-01,0
730,217,1944-01-27,1970-10-24,2011-08-01,0
863,319,1944-03-01,1971-09-18,2011-08-01,0
623,69,1944-03-06,1968-02-17,2011-08-01,0
256,69,1944-03-26,1968-02-17,2011-08-01,0
1026,209,1944-04-24,1974-07-27,2011-08-01,0
96,272,1944-05-08,1971-12-18,2011-08-01,0
311,301,1944-05-25,1977-06-25,2011-08-01,0
464,319,1944-10-09,1971-09-18,2002-06-27,1
487,342,1944-10-25,1974-01-05,2011-08-01,0
523,83,1944-11-02,1971-06-26,2011-08-01,0
91,79,1944-11-24,1979-06-16,2011-08-01,0
252,277,1944-12-04,1976-07-24,1983-12-28,1
679,41,1944-12-08,1978-01-21,2005-12-09,1
664,100,1944-12-27,1985-01-26,2011-08-01,0
862,233,1945-01-10,1971-10-02,2011-08-01,0
21,164,1945-02-20,1972-03-25,1995-11-17,1
675,299,1945-03-08,1967-02-04,2011-08-01,0
293,56,1945-03-30,1969-03-15,2011-08-01,0
270,57,1945-04-24,1970-09-12,2011-08-01,0
968,57,1945-04-25,1970-09-12,2011-08-01,0
104,3,1945-04-25,1976-05-08,2011-08-01,0
384,308,1945-05-12,1968-06-29,2011-08-01,0
843,65,1945-05-14,1971-09-25,2011-08-01,0
783,319,1945-05-19,1971-09-18,2011-08-01,0
465,57,1945-05-28,1970-09-12,2011-08-01,0
244,33,1945-07-01,1979-02-17,2011-08-01,0
473,300,1945-07-20,1969-05-10,2011-08-01,0
381,65,1945-08-19,1971-09-25,2011-08-01,0
589,248,1945-08-27,1979-01-06,2011-08-01,0
635,180,1945-09-07,1975-11-15,2011-08-01,0
530,79,1945-09-08,1979-06-16,2011-08-01,0
132,234,1945-09-26,1980-06-28,2011-08-01,0
722,198,1945-11-12,1972-03-11,2011-08-01,0
320,3,1945-11-15,1976-05-08,2011-08-01,0
475,98,1945-11-26,1978-01-28,2011-08-01,0
864,65,1945-11-30,1971-09-25,2011-08-01,0
1021,294,1945-12-16,1968-10-12,2011-08-01,0
563,191,1945-12-24,1981-06-27,2011-08-01,0
242,299,1945-12-30,1967-02-04,2011-08-01,0
477,157,1946-01-03,1970-02-07,2011-08-01,0
17,248,1946-01-13,1979-01-06,2011-08-01,0
235,217,1946-03-06,1970-10-24,2011-08-01,0
875,308,1946-04-01,1968-06-29,1997-06-04,1
221,254,1946-04-04,1973-01-13,2011-08-01,0
852,33,1946-05-16,1979-02-17,2011-08-01,0
160,48,1946-05-20,1991-06-29,2011-08-01,0
667,62,1946-05-26,1973-05-05,1993-04-29,1
744,254,1946-06-15,1973-01-13,2011-08-01,0
218,301,1946-07-16,1977-06-25,2011-08-01,0
59,234,1946-07-23,1980-06-28,2011-08-01,0
526,319,1946-08-23,1971-09-18,1978-09-07,1
80,25,1946-09-01,1979-03-17,2011-08-01,0
318,221,1946-09-05,1975-12-27,1991-11-24,1
1031,248,1946-09-09,1979-01-06,2011-08-01,0
266,254,1946-09-10,1973-01-13,2011-08-01,0
462,263,1946-09-19,1973-10-27,2011-08-01,0
305,301,1946-09-30,1977-06-25,2011-08-01,0
511,300,1946-10-14,1969-05-10,2011-08-01,0
821,282,1946-10-15,1974-02-02,2011-08-01,0
818,32,1946-11-01,1969-09-20,1990-03-17,1
985,73,1946-11-08,1976-10-09,2011-08-01,0
615,138,1946-11-17,1969-08-09,2011-08-01,0
343,112,1946-12-01,1973-01-20,2011-08-01,0
503,315,1946-12-05,1990-09-08,2011-08-01,0
250,10,1946-12-09,1973-03-24,2011-08-01,0
86,3,1946-12-16,1976-05-08,2011-08-01,0
143,277,1946-12-21,1976-07-24,1998-02-06,1
187,138,1946-12-30,1969-08-09,2011-08-01,0
231,62,1947-01-08,1973-05-05,2011-08-01,0
958,308,1947-01-30,1968-06-29,1991-04-20,1
757,123,1947-03-22,1987-03-14,2011-08-01,0
284,80,1947-03-25,1973-02-10,2011-08-01,0
1019,123,1947-04-06,1987-03-14,2011-08-01,0
953,342,1947-04-08,1974-01-05,2011-08-01,0
350,138,1947-04-23,1969-08-09,2011-08-01,0
949,272,1947-05-19,1971-12-18,1981-04-28,1
878,92,1947-06-01,1973-04-28,2011-08-01,0
673,272,1947-06-03,1971-12-18,2003-01-11,1
661,98,1947-06-24,1978-01-28,2011-08-01,0
1043,73,1947-07-12,1976-10-09,2011-08-01,0
118,221,1947-07-19,1975-12-27,2011-08-01,0
146,239,1947-07-20,2000-03-26,2011-08-01,0
265,75,1947-07-22,2007-11-04,2011-08-01,0
379,138,1947-08-10,1969-08-09,2011-08-01,0
365,262,1947-09-18,1981-05-23,2011-08-01,0
713,10,1947-09-23,1973-03-24,2011-08-01,0
639,182,1947-09-27,1981-09-12,2011-08-01,0
592,272,1947-09-30,1971-12-18,1977-09-16,1
425,79,1947-09-30,1979-06-16,2011-08-01,0
116,5,1947-10-05,1980-08-09,2011-08-01,0
997,75,1947-10-30,2007-11-04,2011-08-01,0
359,83,1947-11-10,1971-06-26,2011-08-01,0
347,10,1947-11-10,1973-03-24,1997-10-19,1
860,164,1947-11-17,1972-03-25,2011-08-01,0
456,75,1947-11-20,2007-11-04,2011-08-01,0
838,308,1947-12-05,1968-06-29,2011-08-01,0
525,38,1948-01-02,1978-09-09,2011-08-01,0
367,123,1948-01-19,1987-03-14,2011-08-01,0
35,10,1948-02-04,1973-03-24,2011-08-01,0
861,248,1948-02-13,1979-01-06,2011-08-01,0
808,38,1948-02-14,1978-09-09,2011-08-01,0
1022,31,1948-02-19,1970-10-10,2011-08-01,0
173,342,1948-03-04,1974-01-05,2011-08-01,0
910,245,1948-03-04,1981-11-07,2011-08-01,0
648,10,1948-03-16,1973-03-24,2011-08-01,0
828,79,1948-03-26,1979-06-16,2011-08-01,0
925,164,1948-04-01,1972-03-25,2011-08-01,0
801,71,1948-04-04,1982-10-02,2011-08-01,0
98,31,1948-05-05,1970-10-10,2011-08-01,0
962,32,1948-05-12,1969-09-20,2011-08-01,0
566,160,1948-05-21,1979-04-28,2011-08-01,0
964,98,1948-05-26,1978-01-28,2011-08-01,0
814,164,1948-05-28,1972-03-25,2011-08-01,0
461,157,1948-05-31,1970-02-07,1980-09-25,1
23,23,1948-06-20,1974-10-12,2011-08-01,0
386,65,1948-06-29,1971-09-25,2011-08-01,0
292,301,1948-07-25,1977-06-25,1993-02-25,1
854,157,1948-08-20,1970-02-07,2011-08-01,0
533,308,1948-09-16,1968-06-29,2011-08-01,0
835,263,1948-10-12,1973-10-27,2011-08-01,0
593,38,1948-10-14,1978-09-09,2011-08-01,0
351,75,1948-11-06,2007-11-04,2011-08-01,0
754,31,1948-12-03,1970-10-10,2011-08-01,0
813,164,1948-12-12,1972-03-25,2011-08-01,0
133,248,1948-12-18,1979-01-06,2011-06-07,1
22,263,1949-02-07,1973-10-27,2011-08-01,0
371,313,1949-04-27,1975-04-19,2011-08-01,0
837,342,1949-05-18,1974-01-05,2011-08-01,0
308,263,1949-05-29,1973-10-27,2011-08-01,0
307,253,1949-06-09,1980-05-03,2011-08-01,0
442,254,1949-06-14,1973-01-13,2011-08-01,0
24,342,1949-06-14,1974-01-05,2011-08-01,0
576,166,1949-06-20,1983-11-12,2011-08-01,0
469,71,1949-06-24,1982-10-02,2011-08-01,0
880,182,1949-07-02,1981-09-12,2011-08-01,0
333,31,1949-07-17,1970-10-10,2011-08-01,0
865,221,1949-07-26,1975-12-27,2011-08-01,0
14,313,1949-08-08,1975-04-19,2011-08-01,0
604,71,1949-08-12,1982-10-02,2011-08-01,0
885,248,1949-09-01,1979-01-06,2011-08-01,0
127,42,1949-09-23,1985-02-16,2011-08-01,0
574,98,1949-10-03,1978-01-28,2011-08-01,0
626,38,1949-10-23,1978-09-09,2011-08-01,0
186,5,1949-12-14,1980-08-09,2011-08-01,0
857,25,1949-12-22,1979-03-17,2011-08-01,0
634,25,1949-12-22,1979-03-17,2003-01-12,1
174,33,1950-01-05,1979-02-17,2011-08-01,0
243,153,1950-01-16,1982-08-07,2011-08-01,0
402,313,1950-02-04,1975-04-19,2011-08-01,0
788,215,1950-02-13,1980-06-14,2011-08-01,0
517,282,1950-03-02,1974-02-02,1983-02-04,1
141,83,1950-03-20,1971-06-26,2011-08-01,0
1015,109,1950-03-27,1980-04-05,2011-08-01,0
13,3,1950-04-05,1976-05-08,2011-08-01,0
233,63,1950-04-12,1973-12-15,2011-08-01,0
584,100,1950-05-02,1985-01-26,2011-08-01,0
871,248,1950-05-19,1979-01-06,2011-08-01,0
257,216,1950-06-01,1973-08-18,2011-08-01,0
197,179,1950-06-01,2003-02-16,2011-08-01,0
1030,62,1950-06-09,1973-05-05,2011-08-01,0
408,313,1950-06-16,1975-04-19,2011-08-01,0
251,100,1950-08-18,1985-01-26,2011-08-01,0
694,109,1950-10-02,1980-04-05,2011-08-01,0
1009,328,1950-10-20,2007-06-17,2011-08-01,0
275,107,1951-01-15,1998-05-23,2011-08-01,0
737,38,1951-01-23,1978-09-09,2011-08-01,0
787,86,1951-01-29,1991-01-26,2011-08-01,0
796,109,1951-01-30,1980-04-05,2011-08-01,0
797,234,1951-01-31,1980-06-28,2011-08-01,0
374,179,1951-02-19,2003-02-16,2011-08-01,0
171,49,1951-03-04,1989-11-11,2011-08-01,0
651,186,1951-03-05,1982-07-24,2011-08-01,0
254,23,1951-03-19,1974-10-12,2011-08-01,0
889,313,1951-03-21,1975-04-19,2011-08-01,0
586,170,1951-04-20,1994-10-01,2005-07-01,1
742,33,1951-04-24,1979-02-17,2011-08-01,0
227,182,1951-05-06,1981-09-12,2011-08-01,0
636,182,1951-05-13,1981-09-12,2011-08-01,0
670,62,1951-06-01,1973-05-05,2011-08-01,0
107,39,1951-06-08,1983-04-16,2011-08-01,0
824,301,1951-08-16,1977-06-25,1992-01-07,1
463,221,1951-08-19,1975-12-27,2011-08-01,0
618,218,1951-09-04,1980-01-19,2011-08-01,0
176,218,1951-09-07,1980-01-19,2011-08-01,0
966,303,1951-10-02,1979-10-13,2011-08-01,0
310,33,1951-11-15,1979-02-17,2011-08-01,0
20,71,1952-03-05,1982-10-02,2011-08-01,0
216,248,1952-03-23,1979-01-06,2011-08-01,0
109,290,1952-04-24,1992-05-02,2011-08-01,0
556,73,1952-05-10,1976-10-09,1994-04-07,1
452,262,1952-05-17,1981-05-23,2011-08-01,0
782,218,1952-06-12,1980-01-19,2011-08-01,0
580,38,1952-07-12,1978-09-09,2011-08-01,0
965,303,1952-07-16,1979-10-13,2011-08-01,0
321,251,1952-09-02,1989-02-25,2011-08-01,0
229,90,1952-09-09,1984-02-04,2011-08-01,0
1016,251,1952-10-31,1989-02-25,2011-08-01,0
29,37,1952-11-14,1992-11-14,2011-08-01,0
590,5,1953-01-06,1980-08-09,2011-08-01,0
460,73,1953-02-22,1976-10-09,2011-08-01,0
286,115,1953-03-04,1989-03-25,2011-08-01,0
751,207,1953-05-04,1991-03-02,2011-08-01,0
693,189,1953-05-15,1974-09-14,2011-08-01,0
432,183,1953-06-01,1983-01-29,2011-08-01,0
448,308,1953-06-04,1968-06-29,1979-09-27,1
385,177,1953-06-16,1985-06-29,2011-08-01,0
190,183,1953-06-29,1983-01-29,2011-08-01,0
362,71,1953-06-30,1982-10-02,2011-08-01,0
602,58,1953-07-02,1996-07-06,2011-08-01,0
405,131,1953-08-14,1998-02-14,2011-08-01,0
822,230,1953-09-22,1992-04-25,2011-08-01,0
358,183,1953-09-27,1983-01-29,2011-08-01,0
988,37,1953-10-07,1992-11-14,2011-08-01,0
294,23,1953-10-21,1974-10-12,2011-08-01,0
1002,320,1954-01-18,1984-02-25,2011-08-01,0
849,230,1954-01-29,1992-04-25,2011-08-01,0
167,7,1954-03-03,1981-01-24,2011-08-01,0
445,33,1954-04-13,1979-02-17,2011-08-01,0
798,5,1954-05-19,1980-08-09,2011-08-01,0
721,213,1954-07-10,1993-10-09,2011-08-01,0
873,183,1954-08-17,1983-01-29,2011-08-01,0
649,271,1954-08-26,1987-11-21,2011-08-01,0
6,7,1954-11-03,1981-01-24,2011-08-01,0
184,33,1954-11-24,1979-02-17,2011-08-01,0
856,331,1954-12-25,1983-09-24,2011-08-01,0
69,90,1954-12-25,1984-02-04,2011-08-01,0
376,124,1955-02-23,1984-03-17,2011-08-01,0
323,285,1955-02-27,1990-01-27,2011-08-01,0
66,5,1955-03-31,1980-08-09,2011-08-01,0
370,285,1955-07-21,1990-01-27,2011-08-01,0
134,107,1955-08-02,1998-05-23,2011-08-01,0
621,270,1955-08-30,1987-05-23,2011-08-01,0
125,296,1955-09-01,1982-03-20,2011-08-01,0
954,243,1955-09-03,1977-11-12,2011-08-01,0
800,295,1955-10-02,1981-10-31,2011-08-01,0
317,230,1955-10-02,1992-04-25,2011-08-01,0
569,23,1955-11-12,1974-10-12,2011-08-01,0
455,320,1955-11-15,1984-02-25,2011-08-01,0
833,296,1955-12-06,1982-03-20,2011-08-01,0
88,200,1956-01-04,1989-02-11,2011-08-01,0
778,211,1956-01-17,1983-09-17,2011-08-01,0
55,95,1956-01-25,1989-02-18,2011-08-01,0
474,243,1956-01-31,1977-11-12,2011-08-01,0
790,200,1956-02-13,1989-02-11,2011-08-01,0
952,127,1956-03-12,1982-04-10,2011-08-01,0
213,30,1956-06-01,1995-08-19,2011-08-01,0
671,289,1956-06-10,1993-02-13,2011-08-01,0
253,250,1956-06-22,1984-02-18,2011-08-01,0
886,285,1956-07-08,1990-01-27,2011-08-01,0
759,243,1956-07-20,1977-11-12,2011-08-01,0
755,153,1956-07-28,1982-08-07,2011-08-01,0
166,172,1956-08-08,1982-05-22,2011-08-01,0
349,243,1956-08-27,1977-11-12,2011-08-01,0
404,218,1956-11-04,1980-01-19,1982-06-16,1
786,222,1956-12-06,1991-03-23,2011-08-01,0
223,127,1956-12-23,1982-04-10,2011-08-01,0
674,331,1957-01-19,1983-09-24,2011-08-01,0
277,331,1957-01-23,1983-09-24,2011-08-01,0
1017,28,1957-02-13,1984-10-27,2011-08-01,0
971,23,1957-02-25,1974-10-12,2011-08-01,0
12,127,1957-02-27,1982-04-10,2011-08-01,0
387,274,1957-02-28,1983-03-26,2011-08-01,0
188,127,1957-03-08,1982-04-10,2011-08-01,0
355,64,1957-04-04,1989-04-15,2004-06-10,1
922,243,1957-05-10,1977-11-12,1979-02-02,1
650,86,1957-05-18,1991-01-26,2011-08-01,0
951,293,1957-06-04,1991-03-16,2011-08-01,0
637,93,1957-06-14,2004-06-13,2011-08-01,0
598,28,1957-06-21,1984-10-27,2011-08-01,0
324,126,1957-06-22,1992-08-15,2011-08-01,0
74,331,1957-06-24,1983-09-24,2011-08-01,0
551,129,1957-07-24,1998-04-04,2011-08-01,0
993,126,1957-08-16,1992-08-15,2011-08-01,0
352,115,1957-09-01,1989-03-25,2011-08-01,0
147,271,1957-09-10,1987-11-21,2011-08-01,0
493,59,1957-09-11,1983-10-22,2011-08-01,0
27,320,1957-09-20,1984-02-25,2011-08-01,0
561,172,1957-10-05,1982-05-22,2011-08-01,0
168,251,1957-10-11,1989-02-25,2011-08-01,0
944,200,1957-10-28,1989-02-11,2011-08-01,0
581,153,1957-11-06,1982-08-07,2011-08-01,0
805,290,1957-11-08,1992-05-02,2011-08-01,0
399,331,1957-11-20,1983-09-24,2011-08-01,0
369,251,1957-11-29,1989-02-25,2011-08-01,0
795,66,1957-12-08,1987-08-29,2011-08-01,0
839,64,1957-12-22,1989-04-15,2011-08-01,0
749,331,1958-01-26,1983-09-24,2011-08-01,0
328,108,1958-03-08,1979-09-22,2011-08-01,0
619,4,1958-03-09,1982-07-03,2011-08-01,0
969,28,1958-04-11,1984-10-27,2001-12-16,1
678,172,1958-04-21,1982-05-22,2011-08-01,0
302,177,1958-04-25,1985-06-29,2011-08-01,0
761,108,1958-05-01,1979-09-22,1984-02-04,1
774,296,1958-05-25,1982-03-20,2011-08-01,0
717,58,1958-05-27,1996-07-06,2011-08-01,0
806,219,1958-06-07,1988-05-21,2011-08-01,0
543,126,1958-07-04,1992-08-15,2011-08-01,0
665,250,1958-07-20,1984-02-18,2011-08-01,0
770,237,1958-07-29,1985-11-16,2011-08-01,0
518,148,1958-07-30,1980-09-20,2011-08-01,0
94,222,1958-07-31,1991-03-23,2011-08-01,0
124,127,1958-08-07,1982-04-10,2011-08-01,0
984,7,1958-08-11,1981-01-24,2011-08-01,0
1037,153,1958-08-12,1982-08-07,2011-08-01,0
588,173,1958-08-16,1985-09-21,2011-08-01,0
82,26,1958-08-17,1992-09-26,2011-08-01,0
654,187,1958-08-29,1983-03-05,2009-06-25,1
668,312,1958-09-11,1985-06-08,2011-08-01,0
932,74,1958-10-27,1983-12-03,2011-08-01,0
734,58,1958-12-09,1996-07-06,2011-08-01,0
568,44,1958-12-12,1992-05-16,2011-08-01,0
690,222,1958-12-17,1991-03-23,2011-08-01,0
159,172,1959-01-14,1982-05-22,2011-08-01,0
784,177,1959-01-15,1985-06-29,2011-08-01,0
894,237,1959-01-16,1985-11-16,2011-08-01,0
121,331,1959-02-07,1983-09-24,2011-08-01,0
34,331,1959-02-15,1983-09-24,2011-08-01,0
876,271,1959-03-13,1987-11-21,2011-08-01,0
957,107,1959-03-16,1998-05-23,2011-08-01,0
47,126,1959-03-27,1992-08-15,2011-08-01,0
945,4,1959-04-17,1982-07-03,2011-08-01,0
855,290,1959-04-21,1992-05-02,2011-08-01,0
594,7,1959-04-27,1981-01-24,2011-08-01,0
700,309,1959-05-22,1985-02-23,2011-08-01,0
720,197,1959-06-01,1972-02-19,2011-08-01,0
25,67,1959-06-01,1993-04-03,2011-08-01,0
56,129,1959-07-03,1998-04-04,2011-08-01,0
470,259,1959-07-06,1983-05-14,2011-08-01,0
441,250,1959-07-09,1984-02-18,2011-08-01,0
830,37,1959-07-11,1992-11-14,2011-08-01,0
453,66,1959-08-01,1987-08-29,2011-08-01,0
194,270,1959-09-21,1987-05-23,2011-08-01,0
169,213,1959-10-04,1993-10-09,2011-08-01,0
32,302,1959-10-15,1992-07-18,2011-08-01,0
326,259,1959-10-16,1983-05-14,2011-08-01,0
131,43,1959-11-05,1991-10-05,2011-08-01,0
979,271,1959-11-24,1987-11-21,2011-08-01,0
960,177,1959-11-25,1985-06-29,2011-08-01,0
156,250,1959-11-27,1984-02-18,2011-08-01,0
769,102,1959-12-08,1984-11-10,2011-08-01,0
201,179,1959-12-18,1998-05-02,2011-08-01,0
659,222,1960-01-04,1991-03-23,2011-08-01,0
653,126,1960-01-22,1992-08-15,1997-11-22,1
989,129,1960-02-04,1998-04-04,2011-08-01,0
373,102,1960-02-09,1984-11-10,2011-08-01,0
697,59,1960-02-15,1983-10-22,2011-08-01,0
7,330,1960-03-13,1983-03-12,2011-08-01,0
959,259,1960-03-25,1983-05-14,2011-08-01,0
947,66,1960-04-23,1987-08-29,2011-08-01,0
866,74,1960-04-26,1983-12-03,2011-08-01,0
108,330,1960-05-10,1983-03-12,2011-08-01,0
641,250,1960-05-29,1984-02-18,2011-08-01,0
928,290,1960-06-01,1992-05-02,2011-08-01,0
1020,259,1960-06-02,1983-05-14,2011-08-01,0
662,251,1960-06-08,1989-02-25,2011-08-01,0
478,74,1960-06-20,1983-12-03,2011-08-01,0
1039,341,1960-07-03,1983-07-23,2011-08-01,0
692,140,1960-08-05,1988-01-23,2011-08-01,0
714,158,1960-08-06,1999-10-02,2011-08-01,0
972,237,1960-08-18,1985-11-16,2011-08-01,0
779,290,1960-09-03,1992-05-02,2011-08-01,0
241,95,1960-09-08,1989-02-18,2011-08-01,0
220,279,1960-09-20,1994-12-03,2011-08-01,0
208,172,1960-10-19,1982-05-22,2011-08-01,0
430,137,1960-10-30,1991-02-09,2011-08-01,0
407,64,1960-11-03,1989-04-15,2011-08-01,0
630,119,1960-11-19,1991-09-28,2011-08-01,0
436,44,1960-11-22,1992-05-16,2011-08-01,0
836,66,1960-12-02,1987-08-29,2011-08-01,0
557,153,1961-01-04,1982-08-07,2011-08-01,0
975,172,1961-01-13,1982-05-22,2011-08-01,0
345,200,1961-01-27,1989-02-11,2011-08-01,0
230,129,1961-01-29,1998-04-04,2011-08-01,0
63,74,1961-02-16,1983-12-03,2011-08-01,0
527,293,1961-03-07,1991-03-16,2011-08-01,0
128,28,1961-03-11,1984-10-27,2011-08-01,0
613,4,1961-04-01,1982-07-03,2011-08-01,0
603,177,1961-04-09,1985-06-29,2011-08-01,0
794,191,1961-05-07,1981-06-27,2011-08-01,0
101,289,1961-05-12,1993-02-13,2011-08-01,0
291,88,1961-05-17,1991-11-16,2011-08-01,0
888,220,1961-05-18,1995-11-11,2011-08-01,0
868,95,1961-05-28,1989-02-18,2011-08-01,0
238,4,1961-05-29,1982-07-03,2011-08-01,0
931,258,1961-06-01,1989-07-15,2011-08-01,0
245,312,1961-06-06,1985-06-08,2011-08-01,0
110,59,1961-06-14,1983-10-22,2011-08-01,0
36,341,1961-06-18,1983-07-23,2011-08-01,0
199,274,1961-06-24,1983-03-26,2011-08-01,0
58,67,1961-07-08,1993-04-03,2011-08-01,0
620,67,1961-07-23,1993-04-03,2011-08-01,0
986,330,1961-08-08,1983-03-12,2011-08-01,0
765,271,1961-08-08,1987-11-21,2011-08-01,0
490,126,1961-08-10,1992-08-15,2011-08-01,0
882,59,1961-08-12,1983-10-22,2011-08-01,0
869,274,1961-08-22,1983-03-26,2011-08-01,0
597,172,1961-08-24,1982-05-22,2011-08-01,0
54,270,1961-09-11,1987-05-23,2011-08-01,0
991,271,1961-10-06,1987-11-21,2011-08-01,0
622,259,1961-10-10,1983-05-14,2011-08-01,0
553,330,1961-10-13,1983-03-12,2011-08-01,0
154,227,1961-10-25,2002-08-11,2011-08-01,0
77,119,1962-02-06,1991-09-28,2011-08-01,0
232,37,1962-02-07,1992-11-14,2011-08-01,0
488,37,1962-03-02,1992-11-14,2011-08-01,0
982,275,1962-03-15,1987-07-25,2011-08-01,0
762,129,1962-03-29,1998-04-04,2011-08-01,0
391,119,1962-04-08,1991-09-28,2011-08-01,0
538,7,1962-05-05,1981-01-24,2011-08-01,0
217,67,1962-05-09,1993-04-03,2011-08-01,0
764,279,1962-05-09,1994-12-03,2011-08-01,0
380,289,1962-05-14,1993-02-13,2011-08-01,0
897,86,1962-05-18,1991-01-26,2011-08-01,0
335,153,1962-05-24,1982-08-07,2003-11-14,1
733,74,1962-06-08,1983-12-03,2011-08-01,0
647,185,1962-06-27,1992-05-30,2011-08-01,0
715,179,1962-06-29,2003-02-16,2011-08-01,0
344,119,1962-08-17,2004-04-18,2011-08-01,0
916,30,1962-08-23,1995-08-19,2011-08-01,0
451,295,1962-09-18,1981-10-31,2011-08-01,0
791,293,1962-09-28,1991-03-16,2011-08-01,0
303,227,1962-10-16,2002-08-11,2011-08-01,0
71,227,1962-11-01,2002-08-11,2011-08-01,0
542,184,1962-11-18,1991-08-24,2011-08-01,0
136,140,1962-11-23,1988-01-23,2011-08-01,0
48,237,1962-12-07,1985-11-16,2011-08-01,0
149,258,1963-01-19,1989-07-15,2011-08-01,0
49,336,1963-01-26,1983-07-09,2011-08-01,0
424,258,1963-01-26,1989-07-15,2011-08-01,0
239,279,1963-02-09,1994-12-03,2011-08-01,0
903,242,1963-02-19,1991-06-01,2011-08-01,0
847,283,1963-02-23,1990-10-20,1996-07-22,1
420,184,1963-03-04,1991-08-24,2011-08-01,0
382,251,1963-03-09,1989-02-25,2011-08-01,0
429,232,1963-03-16,1995-11-25,2011-08-01,0
976,295,1963-03-22,1981-10-31,2011-08-01,0
803,47,1963-04-04,1994-01-29,2011-08-01,0
414,134,1963-04-04,1998-08-01,2011-08-01,0
155,47,1963-04-16,1994-01-29,2011-08-01,0
485,276,1963-04-21,1997-02-15,2011-08-01,0
508,60,1963-05-15,1987-05-09,2011-08-01,0
120,102,1963-05-20,1984-11-10,2011-08-01,0
686,309,1963-06-01,1985-02-23,2011-08-01,0
723,258,1963-06-01,1989-07-15,2011-08-01,0
773,119,1963-06-01,2004-04-18,2011-08-01,0
259,119,1963-06-18,1991-09-28,2011-08-01,0
339,336,1963-06-25,1983-07-09,2011-08-01,0
70,327,1963-07-30,1989-07-08,2011-08-01,0
299,94,1963-07-31,1999-01-23,2011-08-01,0
144,153,1963-08-03,1982-08-07,2011-08-01,0
403,184,1963-08-03,1991-08-24,2011-08-01,0
1042,337,1963-08-09,1987-06-13,2011-08-01,0
1027,325,1963-08-22,1994-02-12,2011-08-01,0
137,220,1963-08-25,1995-11-11,2011-08-01,0
417,220,1963-09-19,1995-11-11,2011-08-01,0
438,129,1963-10-10,1998-04-04,2011-08-01,0
698,191,1963-10-31,1981-06-27,2011-08-01,0
483,309,1963-10-31,1985-02-23,2011-08-01,0
831,66,1963-11-01,1987-08-29,2011-08-01,0
312,86,1963-12-20,1991-01-26,2011-08-01,0
554,184,1963-12-26,1991-08-24,2011-08-01,0
606,102,1964-01-06,1984-11-10,2011-08-01,0
61,309,1964-01-17,1985-02-23,2011-08-01,0
676,60,1964-01-27,1987-05-09,2011-08-01,0
157,162,1964-02-02,1995-09-16,2011-08-01,0
274,119,1964-02-05,1991-09-28,2011-08-01,0
296,64,1964-02-27,1989-04-15,2011-08-01,0
200,258,1964-02-28,1989-07-15,2011-08-01,0
789,102,1964-03-08,1984-11-10,2011-08-01,0
183,140,1964-03-27,1988-01-23,2011-08-01,0
1028,326,1964-03-30,1988-07-02,2011-08-01,0
93,30,1964-04-18,1995-08-19,2011-08-01,0
334,137,1964-04-23,1991-02-09,2011-08-01,0
52,89,1964-04-25,1988-04-30,2011-08-01,0
225,35,1964-05-08,1994-05-07,2011-08-01,0
582,64,1964-05-13,1989-04-15,2011-08-01,0
616,283,1964-05-21,1990-10-20,2011-08-01,0
565,159,1964-05-26,1993-03-13,2011-08-01,0
1013,335,1964-06-22,1988-01-16,2011-08-01,0
683,137,1964-06-22,1991-02-09,2011-08-01,0
295,153,1964-06-25,1982-08-07,2011-08-01,0
942,97,1964-06-29,1986-09-27,2011-08-01,0
804,327,1964-07-01,1989-07-08,2011-08-01,0
881,293,1964-07-02,1991-03-16,2011-08-01,0
994,251,1964-07-23,1989-02-25,2011-08-01,0
437,287,1964-07-31,1998-06-27,2011-08-01,0
728,327,1964-08-01,1989-07-08,2011-08-01,0
10,24,1964-08-05,1998-07-18,2011-08-01,0
735,60,1964-10-25,1987-05-09,2011-08-01,0
858,232,1964-12-18,1995-11-25,2011-08-01,0
963,119,1965-01-22,2004-04-18,2011-08-01,0
950,82,1965-02-02,1998-06-20,2011-08-01,0
11,129,1965-03-20,1998-04-04,2011-08-01,0
614,335,1965-03-23,1988-01-16,2011-08-01,0
480,261,1965-03-27,2001-08-26,2011-08-01,0
906,279,1965-04-12,1994-12-03,2011-08-01,0
353,335,1965-04-15,1988-01-16,2011-08-01,0
752,206,1965-04-15,1997-09-27,2011-08-01,0
140,293,1965-04-22,1991-03-16,2011-08-01,0
926,206,1965-04-25,1997-09-27,2011-08-01,0
498,162,1965-05-15,1995-09-16,2011-08-01,0
545,203,1965-05-16,1993-09-25,2011-08-01,0
85,60,1965-05-19,1987-05-09,2011-08-01,0
929,267,1965-05-23,1993-04-10,2011-08-01,0
123,279,1965-05-30,1994-12-03,2011-08-01,0
961,312,1965-05-31,1985-06-08,2011-08-01,0
428,162,1965-06-02,1995-09-16,2011-08-01,0
281,276,1965-06-06,1997-02-15,2011-08-01,0
718,335,1965-06-08,1988-01-16,2011-08-01,0
758,205,1965-06-23,1994-09-10,2011-08-01,0
899,129,1965-06-28,1998-04-04,2011-08-01,0
224,327,1965-07-02,1989-07-08,2011-08-01,0
940,119,1965-07-23,1991-09-28,2011-08-01,0
727,220,1965-07-28,1995-11-11,2011-08-01,0
68,78,1965-08-26,1995-03-25,2011-08-01,0
913,246,1965-08-28,1999-09-11,2011-08-01,0
699,190,1965-09-11,2000-04-09,2011-08-01,0
378,137,1965-09-29,1991-02-09,2011-08-01,0
924,133,1965-10-16,1993-06-26,2011-08-01,0
681,24,1965-11-20,1998-07-18,2011-08-01,0
1040,327,1966-01-21,1989-07-08,2011-08-01,0
851,179,1966-01-21,1998-05-02,2011-08-01,0
16,137,1966-01-31,1991-02-09,2011-08-01,0
832,229,1966-02-06,1987-11-28,2011-08-01,0
415,135,1966-05-16,1993-05-29,2011-08-01,0
870,93,1966-06-01,2004-06-13,2011-08-01,0
269,97,1966-06-08,1986-09-27,2011-08-01,0
599,162,1966-06-23,1995-09-16,2011-08-01,0
361,340,1966-08-22,1997-06-14,2011-08-01,0
920,107,1966-08-26,1998-05-23,2011-08-01,0
273,64,1966-10-15,1989-04-15,2011-08-01,0
226,279,1966-10-15,1994-12-03,2011-08-01,0
5,24,1966-10-31,1998-07-18,2011-08-01,0
956,220,1966-11-10,1995-11-11,2011-08-01,0
937,252,1966-12-08,1990-03-24,2011-08-01,0
204,179,1967-02-16,2003-02-16,2011-08-01,0
547,203,1967-02-20,1993-09-25,1994-04-05,1
638,304,1967-03-21,1994-07-16,2011-08-01,0
314,291,1967-04-15,2003-08-31,2011-08-01,0
927,162,1967-05-17,1995-09-16,2011-08-01,0
799,223,1967-05-23,1997-06-28,2011-08-01,0
745,205,1967-05-29,1994-09-10,2011-08-01,0
992,283,1967-05-30,1990-10-20,2011-08-01,0
583,97,1967-08-10,1986-09-27,2011-08-01,0
587,171,1967-09-06,2001-09-23,2011-08-01,0
684,82,1967-09-18,1998-06-20,2011-08-01,0
114,267,1967-09-29,1993-04-10,2011-08-01,0
1000,167,1967-10-09,1993-02-06,2011-08-01,0
625,267,1967-10-09,1993-04-10,2011-08-01,0
914,276,1967-11-07,1997-02-15,2011-08-01,0
50,179,1967-11-10,1998-05-02,2011-08-01,0
672,82,1968-03-22,1998-06-20,2011-08-01,0
202,35,1968-03-23,1994-05-07,2011-08-01,0
151,46,1968-03-30,1995-01-28,2011-08-01,0
412,117,1968-04-03,2005-05-29,2011-08-01,0
279,223,1968-04-15,1997-06-28,2011-08-01,0
608,167,1968-04-28,1993-02-06,2011-08-01,0
375,273,1968-04-28,1993-10-23,2011-08-01,0
422,155,1968-05-03,1996-09-28,2011-08-01,0
126,167,1968-05-10,1993-02-06,2011-08-01,0
825,276,1968-05-17,1997-02-15,2011-08-01,0
549,156,1968-05-28,1988-08-27,2011-08-01,0
419,136,1968-06-01,1989-05-20,2011-08-01,0
249,97,1968-06-13,1986-09-27,2011-08-01,0
332,30,1968-07-19,1995-08-19,2011-08-01,0
739,174,1968-07-30,1998-09-26,2011-08-01,0
846,281,1968-08-04,1995-04-08,2011-08-01,0
410,93,1968-08-14,2004-06-13,2011-08-01,0
756,240,1968-09-06,2004-07-18,2011-08-01,0
44,13,1968-09-17,2004-04-04,2011-08-01,0
489,283,1968-09-21,1990-10-20,2011-08-01,0
987,223,1968-10-07,1997-06-28,2011-08-01,0
562,304,1968-10-08,1994-07-16,2011-08-01,0
145,125,1968-10-13,2004-11-07,2011-08-01,0
909,244,1968-10-22,2001-06-03,2011-08-01,0
38,276,1968-10-31,1997-02-15,2011-08-01,0
946,266,1968-11-10,2005-05-15,2011-08-01,0
750,340,1968-11-15,1997-06-14,2004-11-13,1
30,35,1968-11-21,1994-05-07,2011-08-01,0
497,199,1968-11-29,1990-06-30,2011-08-01,0
617,281,1968-11-29,1995-04-08,2011-08-01,0
710,99,1968-12-02,2002-10-27,2011-08-01,0
219,203,1969-01-14,1993-09-25,2011-08-01,0
905,174,1969-01-20,1998-09-26,2011-08-01,0
655,129,1969-01-27,1998-04-04,2011-08-01,0
401,174,1969-02-21,1998-09-26,2011-08-01,0
990,281,1969-02-26,1995-04-08,2011-08-01,0
356,35,1969-03-12,1994-05-07,2011-08-01,0
495,6,1969-03-23,1994-06-02,2011-08-01,0
152,45,1969-04-11,1998-05-16,2011-08-01,0
83,293,1969-05-02,1991-03-16,2011-08-01,0
214,199,1969-05-14,1990-06-30,2011-08-01,0
203,206,1969-06-01,1997-09-27,2011-08-01,0
921,281,1969-06-18,1995-04-08,2011-08-01,0
189,223,1969-06-26,1997-06-28,2011-08-01,0
893,340,1969-07-05,1997-06-14,2011-08-01,0
268,199,1969-08-17,1990-06-30,2011-08-01,0
624,340,1969-08-18,1997-06-14,2011-08-01,0
948,206,1969-08-22,1997-09-27,2011-08-01,0
45,175,1969-09-08,1997-03-01,2011-08-01,0
514,78,1969-09-16,1995-03-25,2011-08-01,0
524,304,1969-09-17,1994-07-16,2011-08-01,0
8,280,1969-09-17,1996-02-24,2011-08-01,0
917,256,1969-09-24,2001-09-02,2011-08-01,0
610,45,1969-11-03,1998-05-16,2011-08-01,0
536,30,1969-11-10,1995-08-19,2011-08-01,0
329,298,1969-11-11,2004-09-05,2011-08-01,0
933,22,1969-12-01,2005-04-17,2011-08-01,0
666,269,1969-12-17,1995-07-29,2011-08-01,0
423,133,1969-12-30,1993-06-26,2011-08-01,0
810,340,1970-01-12,1997-06-14,2011-08-01,0
435,72,1970-02-18,2002-05-05,2011-08-01,0
65,72,1970-02-18,2002-05-05,2011-08-01,0
466,227,1970-03-05,2002-08-11,2011-08-01,0
446,167,1970-03-10,1993-02-06,2011-08-01,0
915,287,1970-03-24,1998-06-27,2011-08-01,0
595,176,1970-03-27,1993-09-11,2011-08-01,0
691,261,1970-04-10,2001-08-26,2011-08-01,0
248,97,1970-04-11,1986-09-27,2011-08-01,0
322,106,1970-04-16,2000-01-19,2011-08-01,0
87,267,1970-05-01,1993-04-10,2011-08-01,0
342,340,1970-05-09,1997-06-14,2011-08-01,0
502,199,1970-05-17,1990-06-30,2011-08-01,0
970,265,1970-05-19,1999-03-20,2010-06-07,1
627,178,1970-05-23,2004-08-22,2011-08-01,0
609,167,1970-05-28,1993-02-06,2011-08-01,0
444,72,1970-05-28,2002-05-05,2011-08-01,0
263,228,1970-06-02,1997-02-08,2011-08-01,0
280,284,1970-06-09,1997-04-19,2011-08-01,0
389,340,1970-07-06,1997-06-14,2011-08-01,0
421,273,1970-07-10,1993-10-23,2011-08-01,0
535,228,1970-08-01,1997-02-08,2011-08-01,0
316,163,1970-09-04,2001-01-28,2011-08-01,0
612,220,1970-09-14,1995-11-11,2011-08-01,0
760,175,1970-09-26,1997-03-01,2011-08-01,0
768,210,1970-10-13,2007-07-22,2011-08-01,0
1025,76,1970-10-21,1993-02-27,2011-08-01,0
283,280,1970-10-24,1996-02-24,2011-08-01,0
39,155,1970-10-24,1996-09-28,2011-08-01,0
1001,133,1970-10-29,1993-06-26,2011-08-01,0
575,6,1970-10-31,1994-06-02,2011-08-01,0
1032,340,1970-11-11,1997-06-14,2011-08-01,0
1033,6,1970-12-06,1994-06-02,2011-08-01,0
939,93,1970-12-30,2004-06-13,2011-08-01,0
212,82,1970-12-31,1998-06-20,2011-08-01,0
1010,284,1971-01-11,1997-04-19,2011-08-01,0
494,261,1971-01-17,2001-08-26,2011-08-01,0
325,273,1971-01-20,1993-10-23,2011-08-01,0
1047,91,1971-02-16,2003-06-22,2011-08-01,0
301,288,1971-03-04,1994-06-25,2011-08-01,0
392,228,1971-03-19,1997-02-08,2011-08-01,0
468,76,1971-03-26,1993-02-27,2011-08-01,0
646,340,1971-04-01,1997-06-14,2011-08-01,0
172,99,1971-05-06,2002-10-27,2011-08-01,0
767,205,1971-05-09,1994-09-10,2011-08-01,0
383,147,1971-06-20,2006-10-03,2011-08-01,0
816,1,1971-06-29,1993-06-12,2011-08-01,0
731,316,1971-07-14,1997-10-11,2011-08-01,0
1034,125,1971-07-19,2004-11-07,2011-08-01,0
572,304,1971-08-21,1994-07-16,2011-08-01,0
261,288,1971-09-06,1994-06-25,2011-08-01,0
820,316,1971-09-11,1997-10-11,2011-08-01,0
777,155,1971-09-19,1996-09-28,2011-08-01,0
792,316,1971-09-24,1997-10-11,2011-08-01,0
443,256,1971-10-02,2001-09-02,2011-08-01,0
605,280,1971-10-18,1996-02-24,2011-08-01,0
500,223,1971-11-05,1997-06-28,2011-08-01,0
872,1,1971-11-18,1993-06-12,2011-08-01,0
267,78,1971-12-02,1995-03-25,2011-08-01,0
746,288,1971-12-25,1994-06-25,2011-08-01,0
258,70,1971-12-25,2001-02-04,2011-08-01,0
67,1,1971-12-29,1993-06-12,2011-08-01,0
1011,257,1972-01-07,2006-05-07,2011-08-01,0
607,273,1972-01-27,1993-10-23,2011-08-01,0
196,256,1972-02-11,2001-09-02,2011-08-01,0
981,99,1972-02-17,2002-10-27,2011-08-01,0
100,118,1972-02-17,2004-09-26,2011-08-01,0
719,329,1972-02-20,1999-08-28,2011-08-01,0
165,256,1972-02-24,2001-09-02,2011-08-01,0
501,257,1972-02-26,2006-05-07,2011-08-01,0
57,329,1972-03-16,1999-08-28,2011-08-01,0
31,103,1972-03-20,2005-10-09,2011-08-01,0
763,256,1972-04-08,2001-09-02,2010-05-24,1
2,261,1972-04-13,2001-08-26,2011-08-01,0
848,269,1972-04-27,1995-07-29,2011-08-01,0
682,118,1972-05-04,2004-09-26,2011-08-01,0
426,6,1972-05-19,1994-06-02,2011-08-01,0
577,16,1972-05-25,1996-05-18,2011-08-01,0
930,316,1972-05-29,1997-10-11,2011-08-01,0
544,302,1972-06-01,1992-07-18,2011-08-01,0
262,175,1972-06-05,1997-03-01,2011-08-01,0
687,202,1972-06-25,2002-03-17,2011-08-01,0
1023,205,1972-06-27,1994-09-10,2011-08-01,0
935,316,1972-07-09,1997-10-11,2011-08-01,0
341,260,1972-08-06,1996-11-16,2011-08-01,0
652,40,1972-08-15,1995-09-02,2011-08-01,0
629,162,1972-08-23,1995-09-16,2011-08-01,0
571,205,1972-09-21,1994-09-10,2011-08-01,0
287,84,1972-10-17,2000-06-25,2011-08-01,0
827,82,1972-10-23,1998-06-20,2011-08-01,0
271,329,1972-11-14,1999-08-28,2011-08-01,0
513,78,1972-12-04,1995-03-25,2011-08-01,0
1029,118,1972-12-09,2004-09-26,2011-08-01,0
260,163,1972-12-18,2001-01-28,2011-08-01,0
504,91,1972-12-25,2003-06-22,2011-08-01,0
459,199,1972-12-31,1990-06-30,2011-08-01,0
198,155,1973-01-18,1996-09-28,2011-08-01,0
785,214,1973-02-27,1996-10-12,2011-08-01,0
891,202,1973-03-01,2002-03-17,2011-08-01,0
907,125,1973-03-07,2004-11-07,2011-08-01,0
471,91,1973-03-10,2003-06-22,2011-08-01,0
148,287,1973-03-17,1998-06-27,2011-08-01,0
237,125,1973-04-14,2004-11-07,2011-08-01,0
15,8,1973-04-16,2005-04-24,2011-08-01,0
685,288,1973-04-29,1994-06-25,2011-08-01,0
706,11,1973-05-14,2000-10-22,2011-08-01,0
330,228,1973-06-18,1997-02-08,2011-08-01,0
306,329,1973-07-23,1999-08-28,2011-08-01,0
807,61,1973-10-02,2004-05-02,2011-08-01,0
900,280,1973-10-10,1996-02-24,2011-08-01,0
669,256,1973-11-03,2001-09-02,2011-08-01,0
396,279,1973-11-10,1994-12-03,2011-08-01,0
192,256,1973-12-08,2001-09-02,2011-08-01,0
644,260,1974-01-12,1996-11-16,2011-08-01,0
210,269,1974-02-07,1995-07-29,2011-08-01,0
850,273,1974-02-13,1993-10-23,2011-08-01,0
400,130,1974-02-22,2005-01-15,2011-08-01,0
974,133,1974-03-18,1993-06-26,2011-08-01,0
1038,260,1974-04-17,1996-11-16,2011-08-01,0
46,287,1974-05-17,1998-06-27,2011-08-01,0
826,265,1974-05-23,1999-03-20,2011-08-01,0
150,116,1974-05-30,2006-04-30,2011-08-01,0
26,9,1974-06-01,1996-05-04,2011-08-01,0
978,61,1974-06-01,2004-05-02,2011-08-01,0
531,265,1974-06-03,1999-03-20,2011-08-01,0
596,1,1974-06-18,1993-06-12,2011-08-01,0
859,91,1974-07-02,2003-06-22,2011-08-01,0
983,76,1974-07-21,1993-02-27,2011-08-01,0
115,76,1974-08-08,1993-02-27,2011-08-01,0
43,240,1974-08-14,2004-07-18,2011-08-01,0
51,145,1974-08-28,2007-03-04,2011-08-01,0
522,40,1974-10-01,1995-09-02,2011-08-01,0
153,202,1974-11-15,2002-03-17,2011-08-01,0
741,11,1974-12-07,2000-10-22,2011-08-01,0
640,318,1974-12-10,2003-04-06,2011-08-01,0
725,103,1974-12-13,2005-10-09,2011-08-01,0
559,264,1975-01-28,1999-11-06,2011-08-01,0
707,194,1975-02-04,2005-04-10,2011-08-01,0
1041,163,1975-02-07,2001-01-28,2011-08-01,0
510,291,1975-03-17,2003-08-31,2011-08-01,0
642,11,1975-03-25,2000-10-22,2011-08-01,0
458,256,1975-04-26,2001-09-02,2011-08-01,0
290,87,1975-05-08,2002-02-10,2011-08-01,0
892,202,1975-05-09,2002-03-17,2011-08-01,0
394,128,1975-05-18,2006-02-26,2011-08-01,0
643,260,1975-05-29,1996-11-16,2011-08-01,0
1,2,1975-06-06,2005-03-13,2011-08-01,0
395,318,1975-07-09,2003-04-06,2011-08-01,0
834,16,1975-07-11,1996-05-18,2011-08-01,0
823,151,1975-09-08,2004-06-20,2011-08-01,0
919,11,1975-10-14,2000-10-22,2011-08-01,0
578,264,1975-11-05,1999-11-06,2011-08-01,0
300,264,1975-11-14,1999-11-06,2011-08-01,0
546,61,1975-12-10,2004-05-02,2011-08-01,0
288,260,1976-01-21,1996-11-16,2011-08-01,0
877,297,1976-02-15,2005-01-16,2011-08-01,0
331,269,1976-03-08,1995-07-29,2011-08-01,0
943,40,1976-03-17,1995-09-02,2009-10-10,1
162,165,1976-03-20,2003-03-30,2011-08-01,0
222,297,1976-03-28,2005-01-16,2011-08-01,0
388,264,1976-05-08,1999-11-06,2011-08-01,0
515,121,1976-06-01,2006-01-22,2011-08-01,0
995,151,1976-06-02,2004-06-20,2011-08-01,0
418,96,1976-06-13,1998-07-04,2011-08-01,0
550,122,1976-06-13,2001-04-01,2011-08-01,0
327,257,1976-06-15,2006-05-07,2011-08-01,0
912,40,1976-07-03,1995-09-02,2011-08-01,0
103,61,1976-07-05,2004-05-02,2011-08-01,0
78,240,1976-09-01,2004-07-18,2011-08-01,0
772,103,1976-09-15,2005-10-09,2011-08-01,0
998,236,1976-09-16,2000-06-18,2011-08-01,0
205,291,1976-12-12,2003-08-31,2011-08-01,0
996,16,1977-01-04,1996-05-18,2011-08-01,0
819,121,1977-01-18,2006-01-22,2011-08-01,0
923,256,1977-01-20,2001-09-02,2011-08-01,0
215,165,1977-02-08,2003-03-30,2011-08-01,0
695,165,1977-02-11,2003-03-30,2011-08-01,0
278,291,1977-02-20,2003-08-31,2011-08-01,0
170,52,1977-03-02,2000-07-16,2011-08-01,0
874,40,1977-03-03,1995-09-02,2011-08-01,0
454,165,1977-03-15,2003-03-30,2011-08-01,0
601,16,1977-03-21,1996-05-18,2011-08-01,0
476,163,1977-03-22,2001-01-28,2011-08-01,0
206,206,1977-04-08,1997-09-27,2011-08-01,0
516,146,1977-06-08,2007-09-16,2011-08-01,0
611,297,1977-06-28,2005-01-16,2011-08-01,0
413,168,1977-07-16,2006-07-02,2011-08-01,0
207,116,1977-07-29,2006-04-30,2011-08-01,0
181,264,1977-08-17,1999-11-06,2011-08-01,0
688,168,1977-08-17,2006-07-02,2011-08-01,0
247,240,1977-08-31,2004-07-18,2011-08-01,0
895,163,1977-09-02,2001-01-28,2011-08-01,0
499,52,1977-09-11,2000-07-16,2011-08-01,0
890,178,1977-09-19,2004-08-22,2011-08-01,0
934,145,1977-10-18,2007-03-04,2011-08-01,0
729,145,1977-10-20,2007-03-04,2011-08-01,0
111,165,1977-12-01,2003-03-30,2011-08-01,0
264,192,1977-12-07,2003-09-28,2011-08-01,0
967,175,1978-01-08,1997-03-01,2011-08-01,0
840,145,1978-01-17,2007-03-04,2011-08-01,0
60,143,1978-01-18,2006-03-26,2011-08-01,0
427,18,1978-02-22,2001-08-12,2011-08-01,0
726,145,1978-03-21,2007-03-04,2011-08-01,0
703,122,1978-04-06,2001-04-01,2011-08-01,0
276,34,1978-04-07,2002-04-28,2011-08-01,0
809,236,1978-04-09,2000-06-18,2011-08-01,0
360,52,1978-04-12,2000-07-16,2011-08-01,0
138,298,1978-06-06,2004-09-05,2011-08-01,0
631,192,1978-06-09,2003-09-28,2011-08-01,0
1044,52,1978-07-31,2000-07-16,2011-08-01,0
255,328,1978-08-01,2007-06-17,2011-08-01,0
507,311,1978-08-23,2006-01-08,2011-08-01,0
486,122,1978-09-03,2001-04-01,2011-08-01,0
398,240,1978-10-03,2004-07-18,2011-08-01,0
409,178,1978-10-05,2004-08-22,2011-08-01,0
738,334,1978-10-09,2000-11-12,2011-08-01,0
1035,332,1978-10-14,2001-07-15,2011-08-01,0
776,257,1978-10-20,2006-05-07,2011-08-01,0
743,311,1978-11-13,2006-01-08,2011-08-01,0
696,310,1978-11-27,2004-06-27,2011-08-01,0
180,192,1978-12-02,2003-09-28,2011-08-01,0
236,91,1978-12-05,2003-06-22,2011-08-01,0
701,61,1978-12-07,2004-05-02,2011-08-01,0
955,121,1978-12-29,2006-01-22,2011-08-01,0
1045,338,1979-01-20,2002-10-13,2011-08-01,0
845,165,1979-01-20,2003-03-30,2011-08-01,0
457,17,1979-01-20,2005-02-06,2011-08-01,0
973,168,1979-02-15,2006-07-02,2011-08-01,0
193,54,1979-02-26,2006-03-05,2011-08-01,0
1003,151,1979-03-08,2004-06-20,2011-08-01,0
781,298,1979-03-12,2004-09-05,2011-08-01,0
9,178,1979-03-18,2004-08-22,2011-08-01,0
936,34,1979-03-20,2002-04-28,2011-08-01,0
748,204,1979-03-30,2003-03-02,2011-08-01,0
433,178,1979-04-02,2004-08-22,2011-08-01,0
450,236,1979-04-29,2000-06-18,2011-08-01,0
209,122,1979-05-03,2001-04-01,2011-08-01,0
656,178,1979-05-13,2004-08-22,2011-08-01,0
558,168,1979-05-21,2006-07-02,2011-08-01,0
712,154,1979-06-26,2007-04-08,2011-08-01,0
3,96,1979-06-29,1998-07-04,2011-08-01,0
53,226,1979-06-30,2006-07-23,2011-08-01,0
911,334,1979-07-05,2000-11-12,2011-08-01,0
228,226,1979-07-09,2006-07-23,2011-08-01,0
844,96,1979-08-23,1998-07-04,2011-08-01,0
901,96,1979-11-22,1998-07-04,2011-08-01,0
633,105,1979-12-13,2005-03-06,2011-08-01,0
481,298,1980-04-04,2004-09-05,2011-08-01,0
28,311,1980-04-09,2006-01-08,2011-08-01,0
579,18,1980-04-10,2001-08-12,2011-08-01,0
119,334,1980-04-12,2000-11-12,2011-08-01,0
539,334,1980-04-29,2000-11-12,2011-08-01,0
600,334,1980-05-28,2000-11-12,2011-08-01,0
297,311,1980-06-02,2006-01-08,2011-08-01,0
747,122,1980-06-28,2001-04-01,2011-08-01,0
660,68,1980-07-23,2001-05-06,2011-08-01,0
853,103,1980-08-16,2005-10-09,2011-08-01,0
537,18,1980-09-06,2001-08-12,2011-08-01,0
142,143,1980-10-15,2006-03-26,2011-08-01,0
390,120,1980-11-17,1997-06-21,2011-08-01,0
177,226,1980-12-05,2006-07-23,2011-08-01,0
139,226,1980-12-09,2006-07-23,2011-08-01,0
908,147,1980-12-15,2006-10-03,2011-08-01,0
178,50,1980-12-18,2006-08-20,2011-08-01,0
164,147,1980-12-20,2006-10-03,2011-08-01,0
1008,147,1981-01-11,2006-10-03,2011-08-01,0
736,311,1981-01-16,2006-01-08,2011-08-01,0
711,257,1981-01-20,2006-05-07,2011-08-01,0
512,144,1981-01-31,2003-01-26,2011-08-01,0
532,68,1981-02-11,2001-05-06,2011-08-01,0
467,298,1981-02-17,2004-09-05,2011-08-01,0
570,68,1981-03-11,2001-05-06,2011-08-01,0
364,236,1981-04-01,2000-06-18,2011-08-01,0
680,105,1981-04-21,2005-03-06,2011-08-01,0
1012,77,1981-04-29,2007-07-01,2011-08-01,0
298,68,1981-05-03,2001-05-06,2011-08-01,0
195,55,1981-05-05,2000-08-20,2011-08-01,0
904,96,1981-05-20,1998-07-04,2011-08-01,0
113,297,1981-06-21,2005-01-16,2011-08-01,0
175,77,1981-06-22,2007-07-01,2011-08-01,0
72,34,1981-06-23,2002-04-28,2011-08-01,0
112,236,1981-08-08,2000-06-18,2011-08-01,0
896,238,1981-08-11,2006-06-11,2011-08-01,0
92,68,1981-09-04,2001-05-06,2011-08-01,0
977,122,1981-09-29,2001-04-01,2011-08-01,0
555,68,1981-11-01,2001-05-06,2011-08-01,0
879,121,1981-11-11,2006-01-22,2011-08-01,0
898,113,1981-11-17,2006-11-05,2011-08-01,0
541,113,1981-11-20,2006-11-05,2011-08-01,0
708,195,1981-11-26,2004-09-12,2011-08-01,0
41,91,1981-12-13,2003-06-22,2011-08-01,0
135,154,1982-01-14,2007-04-08,2011-08-01,0
84,105,1982-03-02,2005-03-06,2011-08-01,0
887,77,1982-03-05,2007-07-01,2011-08-01,0
496,105,1982-03-10,2005-03-06,2011-08-01,0
491,236,1982-04-26,2000-06-18,2011-08-01,0
709,18,1982-07-17,2001-08-12,2011-08-01,0
980,120,1983-03-14,1997-06-21,2011-08-01,0
368,18,1983-05-23,2001-08-12,2011-08-01,0
97,286,1983-06-01,2003-08-03,2011-08-01,0
560,34,1983-06-17,2002-04-28,2011-08-01,0
161,113,1983-06-30,2006-11-05,2011-08-01,0
677,188,1983-08-18,2007-02-11,2011-08-01,0
42,12,1983-09-14,2007-02-25,2011-07-23,1
938,268,1984-06-14,2005-10-16,2011-08-01,0
406,132,1984-08-13,2006-08-06,2011-08-01,0
520,150,1984-09-16,2004-01-25,2011-08-01,0
76,19,1984-09-27,2003-01-05,2011-08-01,0
521,268,1984-09-30,2005-10-16,2011-08-01,0
632,154,1984-10-09,2007-04-08,2011-08-01,0
918,247,1984-10-16,2006-04-23,2011-08-01,0
724,201,1985-01-11,2007-08-26,2011-08-01,0
567,161,1985-04-03,2007-11-18,2011-08-01,0
702,268,1985-05-21,2005-10-16,2011-08-01,0
704,113,1985-06-15,2006-11-05,2011-08-01,0
732,15,1985-07-05,2007-04-29,2011-08-01,0
411,15,1985-07-08,2006-01-29,2011-08-01,0
1005,181,1985-07-17,2004-07-11,2011-08-01,0
740,113,1985-10-05,2006-11-05,2011-08-01,0
1048,120,1985-10-22,1997-06-21,2011-08-01,0
366,181,1985-12-23,2004-07-11,2011-08-01,0
33,15,1986-01-06,2006-01-29,2011-08-01,0
1004,292,1986-03-11,2007-07-15,2011-08-01,0
211,181,1986-03-12,2004-07-11,2011-08-01,0
628,15,1986-05-07,2006-01-29,2011-08-01,0
540,317,1986-05-10,2007-01-28,2011-08-01,0
416,154,1986-11-20,2007-04-08,2011-08-01,0
505,142,1987-04-11,2004-10-03,2011-08-01,0
40,268,1987-04-22,2005-10-16,2011-08-01,0
548,317,1987-06-06,2007-01-28,2011-08-01,0
519,149,1987-07-06,2007-08-12,2011-08-01,0
272,181,1987-11-30,2004-07-11,2011-08-01,0
397,268,1988-01-24,2005-10-16,2011-08-01,0
841,231,1988-02-20,2007-06-10,2011-08-01,0
815,225,1988-08-25,2007-03-18,2011-08-01,0
